{"cameraMode":{"drawMode":0,"name":"Shaded","section":"Shading Mode"},"sceneLighting":true,"audioPlay":false,"sceneViewState":{"m_AlwaysRefresh":false,"showFog":true,"showSkybox":true,"showFlares":true,"showImageEffects":true,"showParticleSystems":true,"showVisualEffectGraphs":true,"m_FxEnabled":true},"in2DMode":false,"pivot":{"x":0.49000000953674319,"y":1.9120936393737794,"z":5.699999809265137},"rotation":{"x":0.01970721408724785,"y":0.9678712487220764,"z":-0.23747216165065766,"w":0.08032027631998062},"size":67.67295837402344,"orthographic":true}